<?xml version="1.0" encoding="UTF-8"?>
<project-private xmlns="http://www.netbeans.org/ns/project-private/1">
    <editor-bookmarks xmlns="http://www.netbeans.org/ns/editor-bookmarks/2" lastBookmarkId="0"/>
    <open-files xmlns="http://www.netbeans.org/ns/projectui-open-files/2">
        <group>
            <file>file:/C:/Users/Akash/OneDrive/Documents/Downloads/JavaApplication3/src/Book_Ticket.java</file>
            <file>file:/C:/Users/Akash/OneDrive/Documents/Downloads/JavaApplication3/src/Cancel_Flight_Ticket.java</file>
            <file>file:/C:/Users/Akash/OneDrive/Documents/Downloads/JavaApplication3/src/Forgot.java</file>
            <file>file:/C:/Users/Akash/OneDrive/Documents/Downloads/JavaApplication3/src/Debit_Card.java</file>
            <file>file:/C:/Users/Akash/OneDrive/Documents/Downloads/JavaApplication3/src/Payment_Option.java</file>
            <file>file:/C:/Users/Akash/OneDrive/Documents/Downloads/JavaApplication3/src/Search_Flight_Details.java</file>
            <file>file:/C:/Users/Akash/OneDrive/Documents/Downloads/JavaApplication3/src/Signup.java</file>
            <file>file:/C:/Users/Akash/OneDrive/Documents/Downloads/JavaApplication3/src/javaconnect.java</file>
            <file>file:/C:/Users/Akash/OneDrive/Documents/Downloads/JavaApplication3/src/Add_Flight_Details.java</file>
            <file>file:/C:/Users/Akash/OneDrive/Documents/Downloads/JavaApplication3/src/Home.java</file>
            <file>file:/C:/Users/Akash/OneDrive/Documents/Downloads/JavaApplication3/src/Login.java</file>
            <file>file:/C:/Users/Akash/OneDrive/Documents/Downloads/JavaApplication3/src/Credit_Card.java</file>
        </group>
    </open-files>
</project-private>
